player_id,player_url,fifa_version,fifa_update,update_as_of,short_name,long_name,player_positions,overall,potential,value_eur,wage_eur,age,dob,height_cm,weight_kg,club_team_id,club_name,league_id,league_name,league_level,club_position,club_jersey_number,club_loaned_from,club_joined_date,club_contract_valid_until_year,nationality_id,nationality_name,nation_team_id,nation_position,nation_jersey_number,preferred_foot,weak_foot,skill_moves,international_reputation,work_rate,body_type,real_face,release_clause_eur,player_tags,player_traits,pace,shooting,passing,dribbling,defending,physic,attacking_crossing,attacking_finishing,attacking_heading_accuracy,attacking_short_passing,attacking_volleys,skill_dribbling,skill_curve,skill_fk_accuracy,skill_long_passing,skill_ball_control,movement_acceleration,movement_sprint_speed,movement_agility,movement_reactions,movement_balance,power_shot_power,power_jumping,power_stamina,power_strength,power_long_shots,mentality_aggression,mentality_interceptions,mentality_positioning,mentality_vision,mentality_penalties,mentality_composure,defending_marking_awareness,defending_standing_tackle,defending_sliding_tackle,goalkeeping_diving,goalkeeping_handling,goalkeeping_kicking,goalkeeping_positioning,goalkeeping_reflexes,goalkeeping_speed,ls,st,rs,lw,lf,cf,rf,rw,lam,cam,ram,lm,lcm,cm,rcm,rm,lwb,ldm,cdm,rdm,rwb,lb,lcb,cb,rcb,rb,gk
179789,/player/179789/damien-da-silva/240002,24.0,2.0,2023-09-22,D. Da Silva,Damien Da Silva,CB,72,72,625000.0,5000.0,35,1988-05-17,184,83,111397.0,Melbourne Victory,351.0,A-League,1.0,RCB,5.0,,2023-02-06,2024.0,18,France,,,,Right,4,2,1,Low/High,Normal (170-185),No,781000.0,,Long Ball Pass,36.0,37.0,57.0,52.0,73.0,75.0,49,25,75,69,36,42,38,31,66,63,35,36,44,72,51,57,74,63,83,41,72,68,39,47,43,72.0,73,75,73,6,8,12,16,11,,51+2,51+2,51+2,48,49,49,49,48,51+2,51+2,51+2,51+2,59+2,59+2,59+2,51+2,62+2,69+2,69+2,69+2,62+2,64+2,72,72,72,64+2,17+2
193143,/player/193143/roderick-j-goncalves-miranda/240002,24.0,2.0,2023-09-22,Roderick Miranda,Roderick Jefferson Gonçalves Miranda,CB,70,70,1000000.0,5000.0,32,1991-03-30,191,85,111397.0,Melbourne Victory,351.0,A-League,1.0,LCB,21.0,,2021-10-01,2025.0,38,Portugal,,,,Right,2,2,1,Low/High,Normal (185+),No,1300000.0,#Strength,"Long Ball Pass, Bruiser",36.0,36.0,52.0,52.0,68.0,83.0,50,26,67,63,43,51,42,32,59,58,39,34,34,65,31,68,72,79,89,28,77,68,41,37,20,64.0,67,69,70,12,14,8,6,12,,51+2,51+2,51+2,46,48,48,48,46,48+2,48+2,48+2,51+2,56+2,56+2,56+2,51+2,62+2,66+2,66+2,66+2,62+2,62+2,70,70,70,62+2,17+2
240262,/player/240262/jake-brimmer/240002,24.0,2.0,2023-09-22,J. Brimmer,Jake Brimmer,"CAM, CM",69,72,1800000.0,4000.0,25,1998-04-03,169,68,111397.0,Melbourne Victory,351.0,A-League,1.0,SUB,22.0,,2020-10-09,2024.0,195,Australia,,,,Right,3,3,1,High/Low,Lean (170-),No,2400000.0,,"Pinged Pass, Flair, Relentless",66.0,60.0,71.0,68.0,63.0,65.0,74,66,59,73,48,68,61,75,68,70,67,66,68,67,58,55,63,91,56,53,57,57,71,70,64,66.0,64,68,61,12,13,10,10,11,,65+2,65+2,65+2,69,67,67,67,69,69+2,69+2,69+2,71+1,70+2,70+2,70+2,71+1,69+2,67+2,67+2,67+2,69+2,68+2,63+2,63+2,63+2,68+2,18+2
189225,/player/189225/bruno-fornaroli/240002,24.0,2.0,2023-09-22,B. Fornaroli,Bruno Fornaroli Mezza,ST,68,68,525000.0,3000.0,35,1987-09-07,175,68,111397.0,Melbourne Victory,351.0,A-League,1.0,RS,10.0,,2022-10-31,2024.0,195,Australia,,,,Right,5,4,1,Medium/Low,Normal (170-185),No,656000.0,,Flair,68.0,69.0,62.0,69.0,38.0,73.0,56,70,64,65,66,66,69,70,51,67,70,66,75,68,84,69,75,74,74,67,70,36,71,65,72,72.0,29,40,37,16,16,15,15,8,,68,68,68,67,68,68,68,67,67+1,67+1,67+1,66+2,62+2,62+2,62+2,66+2,54+2,53+2,53+2,53+2,54+2,53+2,51+2,51+2,51+2,53+2,20+2
204424,/player/204424/paul-izzo/240002,24.0,2.0,2023-09-22,P. Izzo,Paul Izzo,GK,67,69,875000.0,2000.0,28,1995-01-06,185,81,111397.0,Melbourne Victory,351.0,A-League,1.0,GK,20.0,,2022-07-08,2025.0,195,Australia,,,,Right,3,1,1,Medium/Medium,Normal (185+),No,1200000.0,,Far Throw,,,,,,,11,14,15,34,10,22,14,15,32,23,55,56,53,60,59,47,67,33,67,16,28,24,14,47,12,58.0,15,19,20,68,63,63,66,69,55.0,30+2,30+2,30+2,30,31,31,31,30,32+2,32+2,32+2,31+2,32+2,32+2,32+2,31+2,29+2,30+2,30+2,30+2,29+2,29+2,29+2,29+2,29+2,29+2,66+2
228821,/player/228821/zinedine-machach/240002,24.0,2.0,2023-09-22,Z. Machach,Zinédine Machach,"CAM, CM, ST",67,68,1200000.0,3000.0,27,1996-01-05,185,77,111397.0,Melbourne Victory,351.0,A-League,1.0,LCM,18.0,,2023-08-08,2024.0,18,France,,,,Right,3,3,1,Medium/Medium,Normal (185+),No,1600000.0,,Flair,72.0,62.0,69.0,70.0,43.0,72.0,72,60,59,69,63,70,66,58,69,71,74,70,68,61,69,67,73,73,70,61,75,49,61,70,57,68.0,20,51,57,13,8,11,11,9,,65+2,65+2,65+2,68,66,66,66,68,67+1,67+1,67+1,69-1,66+2,66+2,66+2,69-1,61+2,59+2,59+2,59+2,61+2,59+2,55+2,55+2,55+2,59+2,16+2
240580,/player/240580/ben-folami/240002,24.0,2.0,2023-09-22,B. Folami,Ben Folami,"LM, RM, ST",66,72,1400000.0,2000.0,24,1999-06-08,180,80,111397.0,Melbourne Victory,351.0,A-League,1.0,LS,11.0,,2021-07-12,2025.0,195,Australia,,,,Right,4,3,1,High/Medium,Normal (170-185),No,2000000.0,,Technical,80.0,59.0,57.0,70.0,26.0,66.0,59,64,59,59,36,70,35,55,55,69,78,81,83,54,73,57,80,71,77,57,30,25,57,57,59,57.0,23,20,20,12,12,13,5,8,,63+2,63+2,63+2,65,64,64,64,65,63+2,63+2,63+2,65+2,57+2,57+2,57+2,65+2,49+2,45+2,45+2,45+2,49+2,46+2,40+2,40+2,40+2,46+2,14+2
234867,/player/234867/daniel-arzani/240002,24.0,2.0,2023-09-22,D. Arzani,Daniel Arzani,LM,65,71,1100000.0,2000.0,24,1999-01-04,171,73,111397.0,Melbourne Victory,351.0,A-League,1.0,SUB,25.0,,2023-07-09,2025.0,195,Australia,,,,Right,3,4,1,Medium/Medium,Normal (170-185),Yes,1600000.0,,"Pinged Pass, Technical, Flair, Quick Step",83.0,59.0,58.0,72.0,34.0,61.0,58,57,40,59,52,74,65,64,52,66,86,80,87,55,87,64,62,62,59,62,66,36,56,58,64,60.0,32,33,33,8,8,14,10,14,,60+2,60+2,60+2,66,63,63,63,66,64+2,64+2,64+2,64+2,57+2,57+2,57+2,64+2,53+2,49+2,49+2,49+2,53+2,50+2,44+2,44+2,44+2,50+2,15+2
193177,/player/193177/adama-traore/240002,24.0,2.0,2023-09-22,A. Traoré,Adama Traoré,LB,64,64,300000.0,2000.0,33,1990-02-03,170,73,111397.0,Melbourne Victory,351.0,A-League,1.0,SUB,3.0,,2023-07-13,2024.0,108,Côte d'Ivoire,,,,Left,3,2,1,Medium/Medium,Normal (170-),No,375000.0,,Rapid,73.0,53.0,59.0,64.0,59.0,75.0,59,46,50,61,49,63,60,49,59,60,73,73,78,59,82,69,73,76,77,54,71,60,56,57,51,60.0,58,61,61,11,15,6,11,12,,59+2,59+2,59+2,60,59,59,59,60,60+2,60+2,60+2,61+2,60+2,60+2,60+2,61+2,63+1,62+2,62+2,62+2,63+1,62+2,62+2,62+2,62+2,62+2,17+2
212511,/player/212511/jason-geria/240002,24.0,2.0,2023-09-22,J. Geria,Jason Kato Geria,"RB, CB",64,64,500000.0,2000.0,30,1993-05-10,184,75,111397.0,Melbourne Victory,351.0,A-League,1.0,RB,2.0,,2021-07-14,2024.0,195,Australia,,,,Right,3,2,1,High/Medium,Lean (170-185),No,625000.0,,Long Throw,72.0,36.0,52.0,58.0,59.0,78.0,54,30,54,56,39,56,38,26,57,60,73,72,62,58,56,48,75,82,80,34,68,60,49,50,34,57.0,56,62,64,9,10,13,11,11,,52+2,52+2,52+2,54,53,53,53,54,54+2,54+2,54+2,57+2,56+2,56+2,56+2,57+2,62+2,61+2,61+2,61+2,62+2,62+2,63+1,63+1,63+1,62+2,16+2
228171,/player/228171/christopher-ikonomidis/240002,24.0,2.0,2023-09-22,C. Ikonomidis,Christopher James Ikonomidis,"RM, LM, ST",64,64,600000.0,2000.0,28,1995-05-04,180,80,111397.0,Melbourne Victory,351.0,A-League,1.0,RM,7.0,,2021-07-21,2024.0,195,Australia,,,,Right,4,3,1,High/Medium,Lean (170-185),No,750000.0,,Technical,78.0,62.0,61.0,64.0,51.0,67.0,58,61,53,62,61,63,65,59,61,62,77,79,80,59,69,67,71,71,69,60,56,49,57,61,58,56.0,52,49,52,10,7,11,11,15,,62+2,62+2,62+2,64,63,63,63,64,63+1,63+1,63+1,63+1,60+2,60+2,60+2,63+1,59+2,57+2,57+2,57+2,59+2,59+2,56+2,56+2,56+2,59+2,16+2
263708,/player/263708/raimon-marchan-vidal/240002,24.0,2.0,2023-09-22,Rai Marchán,Raimon Marchán Vidal,"CDM, CM",64,64,500000.0,2000.0,29,1993-08-11,181,67,111397.0,Melbourne Victory,351.0,A-League,1.0,RCM,4.0,,2021-07-27,2024.0,45,Spain,,,,Right,3,2,1,Medium/Medium,Lean (170-185),No,625000.0,,,58.0,31.0,56.0,55.0,64.0,53.0,34,31,40,68,28,51,35,31,66,59,59,57,62,52,67,32,39,74,44,25,51,62,48,61,38,45.0,65,70,67,13,7,10,11,13,,45+2,45+2,45+2,51,51,51,51,51,55+2,55+2,55+2,54+2,60+2,60+2,60+2,54+2,60+2,63+1,63+1,63+1,60+2,60+2,58+2,58+2,58+2,60+2,15+2
181010,/player/181010/leigh-broxham/240002,24.0,2.0,2023-09-22,L. Broxham,Leigh Michael Broxham,"CB, CDM, LB",63,63,130000.0,1000.0,35,1988-01-13,170,65,111397.0,Melbourne Victory,351.0,A-League,1.0,SUB,6.0,,2007-05-01,2024.0,195,Australia,,,,Right,3,2,1,Low/High,Normal (170-),No,163000.0,,Slide Tackle,38.0,51.0,53.0,55.0,61.0,83.0,48,47,55,57,48,54,52,49,54,54,43,33,49,54,71,56,67,92,82,51,76,63,51,49,61,65.0,58,63,61,16,7,16,7,10,,53+2,53+2,53+2,50,51,51,51,50,52+2,52+2,52+2,53+2,57+2,57+2,57+2,53+2,59+2,62+1,62+1,62+1,59+2,58+2,63,63,63,58+2,15+2
210217,/player/210217/connor-chapman/240002,24.0,2.0,2023-09-22,C. Chapman,Connor Chapman,"CB, CDM, CM",63,63,425000.0,2000.0,28,1994-10-31,188,83,111397.0,Melbourne Victory,351.0,A-League,1.0,SUB,14.0,,2023-02-07,2024.0,195,Australia,,,,Right,3,2,1,Medium/High,Normal (185+),No,531000.0,,,52.0,47.0,50.0,56.0,59.0,77.0,34,41,61,56,48,53,36,42,55,59,54,51,54,61,58,59,72,72,80,49,77,61,52,56,36,59.0,56,60,59,8,12,12,10,15,,55+2,55+2,55+2,52,54,54,54,52,54+2,54+2,54+2,53+2,57+2,57+2,57+2,53+2,56+2,61+2,61+2,61+2,56+2,57+2,63,63,63,57+2,17+2
262039,/player/262039/nishan-velupillay/240002,24.0,2.0,2023-09-22,N. Velupillay,Nishan Velupillay,"RM, LM",61,68,675000.0,1000.0,22,2001-05-07,181,77,111397.0,Melbourne Victory,351.0,A-League,1.0,LM,17.0,,2021-01-01,2024.0,195,Australia,,,,Right,3,3,1,Medium/Medium,Normal (170-185),No,979000.0,,Quick Step,88.0,54.0,52.0,65.0,32.0,52.0,55,59,39,56,41,63,45,34,45,64,88,88,89,45,65,60,64,43,60,45,38,35,51,53,44,51.0,32,30,25,8,10,5,11,15,,57+2,57+2,57+2,62,59,59,59,62,59+2,59+2,59+2,60+2,51+2,51+2,51+2,60+2,48+2,44+2,44+2,44+2,48+2,46+2,40+2,40+2,40+2,46+2,14+2
221528,/player/221528/nathan-konstandopoulos/240002,24.0,2.0,2023-09-22,N. Konstandopoulos,Nathan Konstandopoulos,CM,61,62,375000.0,2000.0,27,1996-06-26,180,78,111397.0,Melbourne Victory,351.0,A-League,1.0,SUB,23.0,,2022-09-14,2024.0,195,Australia,,,,Right,3,3,1,Medium/Medium,Normal (170-185),No,497000.0,,,73.0,50.0,59.0,63.0,55.0,67.0,52,47,51,65,42,62,49,48,63,63,70,76,70,52,64,53,64,80,67,54,53,51,57,56,43,58.0,54,59,57,11,13,11,11,14,,57+2,57+2,57+2,60,59,59,59,60,60+2,60+2,60+2,61+1,61+1,61+1,61+1,61+1,61+1,60+2,60+2,60+2,61+1,60+2,57+2,57+2,57+2,60+2,17+2
231310,/player/231310/stefan-nigro/240002,24.0,2.0,2023-09-22,S. Nigro,Stefan Nigro,"RB, LB",61,62,350000.0,1000.0,26,1996-08-10,180,70,111397.0,Melbourne Victory,351.0,A-League,1.0,SUB,16.0,,2021-07-19,2024.0,195,Australia,,,,Right,3,3,1,Medium/Medium,Lean (170-185),No,464000.0,,Technical,69.0,37.0,56.0,62.0,55.0,62.0,55,33,42,60,28,60,45,37,57,61,72,66,76,54,73,48,58,64,63,33,57,63,58,59,41,60.0,50,60,55,12,6,5,15,8,,51+2,51+2,51+2,57,55,55,55,57,57+2,57+2,57+2,59+2,58+2,58+2,58+2,59+2,59+2,59+2,59+2,59+2,59+2,59+2,57+2,57+2,57+2,59+2,15+2
246007,/player/246007/ryan-teague/240002,24.0,2.0,2023-09-22,R. Teague,Ryan Teague,"CM, CDM",60,73,600000.0,1000.0,21,2002-01-24,182,76,111397.0,Melbourne Victory,351.0,A-League,1.0,RES,8.0,,2023-09-13,2026.0,195,Australia,,,,Left,3,2,1,Medium/Medium,Lean (170-185),No,1100000.0,,,59.0,45.0,52.0,60.0,57.0,70.0,32,47,44,63,29,61,28,33,61,60,64,55,52,64,67,41,59,70,71,49,70,58,61,58,32,63.0,60,57,59,11,13,5,8,9,,54+2,54+2,54+2,56,58,58,58,56,59+2,59+2,59+2,58+2,60+2,60+2,60+2,58+2,58+2,62+2,62+2,62+2,58+2,57+2,60+2,60+2,60+2,57+2,16+2
263982,/player/263982/eli-adams/240002,24.0,2.0,2023-09-22,E. Adams,Eli Adams,"LM, CAM",58,68,450000.0,1000.0,21,2002-03-12,180,70,111397.0,Melbourne Victory,351.0,A-League,1.0,RES,24.0,,2022-07-01,2024.0,195,Australia,,,,Left,3,3,1,High/Low,Lean (170-185),No,653000.0,,Technical,68.0,40.0,51.0,67.0,32.0,53.0,42,37,35,58,41,68,49,44,49,66,71,66,79,48,76,47,45,72,49,36,43,25,45,50,47,50.0,35,30,36,10,14,8,14,11,,49+2,49+2,49+2,56,54,54,54,56,56+2,56+2,56+2,57+2,53+2,53+2,53+2,57+2,48+2,45+2,45+2,45+2,48+2,46+2,39+2,39+2,39+2,46+2,16+2
276627,/player/276627/franco-lino/240002,24.0,2.0,2023-09-22,F. Lino,Franco Lino,"LB, CB",54,73,250000.0,500.0,17,2005-08-26,182,75,111397.0,Melbourne Victory,351.0,A-League,1.0,LB,28.0,,2023-07-01,2026.0,195,Australia,,,,Left,2,2,1,High/High,Normal (170-185),No,469000.0,,,79.0,32.0,39.0,46.0,48.0,60.0,40,23,47,44,29,40,28,25,39,47,77,80,66,43,62,53,61,70,56,31,56,48,37,34,38,44.0,44,52,51,13,10,7,10,9,,43+2,43+2,43+2,45,43,43,43,45,43+2,43+2,43+2,46+2,43+2,43+2,43+2,46+2,51+2,48+2,48+2,48+2,51+2,52+2,50+2,50+2,50+2,52+2,14+2
261246,/player/261246/matthew-bozinovski/240002,24.0,2.0,2023-09-22,M. Bozinovski,Matthew Bozinovski,CB,54,62,230000.0,1000.0,22,2001-01-05,195,88,111397.0,Melbourne Victory,351.0,A-League,1.0,SUB,15.0,,2020-12-01,2024.0,19,North Macedonia,,,,Right,2,2,1,Low/Medium,Normal (185+),No,334000.0,,,33.0,27.0,32.0,34.0,53.0,69.0,24,17,56,42,22,29,22,23,34,40,29,37,29,41,34,58,61,63,79,19,55,51,21,28,34,38.0,50,56,51,10,6,12,6,9,,37+2,37+2,37+2,30,32,32,32,30,32+2,32+2,32+2,33+2,38+2,38+2,38+2,33+2,44+2,48+2,48+2,48+2,44+2,46+2,54+2,54+2,54+2,46+2,12+2
275134,/player/275134/jordi-valadon/240002,24.0,2.0,2023-09-22,J. Valadon,Jordi Valadon,"CAM, CM",53,65,230000.0,1000.0,20,2003-03-04,168,70,111397.0,Melbourne Victory,351.0,A-League,1.0,SUB,27.0,,2023-02-01,2025.0,195,Australia,,,,Right,4,2,1,Medium/Medium,Lean (170-),No,334000.0,,,62.0,45.0,50.0,57.0,39.0,42.0,45,43,30,53,38,54,42,42,51,58,61,63,61,57,76,54,31,47,41,41,43,45,51,53,44,59.0,43,37,31,12,5,10,15,8,,49+2,49+2,49+2,53,53,53,53,53,53+2,53+2,53+2,53+2,51+2,51+2,51+2,53+2,48+2,47+2,47+2,47+2,48+2,46+2,41+2,41+2,41+2,46+2,15+2
274074,/player/274074/ryan-lethlean/240002,24.0,2.0,2023-09-22,R. Lethlean,Ryan Lethlean,"CB, ST",52,60,170000.0,850.0,21,2002-03-27,193,89,111397.0,Melbourne Victory,351.0,A-League,1.0,SUB,33.0,,2023-01-01,2024.0,195,Australia,,,,Left,3,2,1,Low/Medium,Normal (185+),No,247000.0,,,61.0,41.0,34.0,29.0,51.0,61.0,20,47,56,45,28,23,28,21,36,28,59,63,45,41,38,39,68,51,72,31,46,45,40,31,45,38.0,50,54,52,8,9,15,9,13,,44+2,44+2,44+2,37,38,38,38,37,37+2,37+2,37+2,37+2,38+2,38+2,38+2,37+2,44+2,45+2,45+2,45+2,44+2,46+2,52+2,52+2,52+2,46+2,13+2
276622,/player/276622/joshua-inserra/240002,24.0,2.0,2023-09-22,J. Inserra,Joshua Inserra,CB,51,67,140000.0,500.0,18,2005-01-21,180,78,111397.0,Melbourne Victory,351.0,A-League,1.0,SUB,29.0,,2023-07-03,2026.0,195,Australia,,,,Right,2,2,1,Medium/Medium,Normal (170-185),No,263000.0,,,56.0,25.0,39.0,41.0,52.0,55.0,27,16,51,48,27,38,22,23,41,42,55,56,43,47,43,49,49,61,51,20,58,52,27,41,34,51.0,51,52,52,8,13,11,12,8,,38+2,38+2,38+2,38,39,39,39,38,39+2,39+2,39+2,41+2,43+2,43+2,43+2,41+2,48+2,49+2,49+2,49+2,48+2,49+2,51+2,51+2,51+2,49+2,14+2
251821,/player/251821/fabian-monge/240002,24.0,2.0,2023-09-22,F. Monge,Fabian Andres Monge,"CDM, RM, CM",51,64,140000.0,850.0,21,2001-07-12,177,65,111397.0,Melbourne Victory,351.0,A-League,1.0,RES,19.0,,2023-09-04,2024.0,195,Australia,,,,Right,3,2,1,High/Medium,Lean (170-185),No,263000.0,,,64.0,45.0,44.0,62.0,44.0,48.0,31,46,35,50,42,62,37,38,44,65,61,67,53,48,79,50,31,58,39,40,62,45,32,50,44,50.0,42,48,48,6,13,7,10,10,,48+2,48+2,48+2,52,52,52,52,52,52+2,52+2,52+2,52+2,51+2,51+2,51+2,52+2,50+2,50+2,50+2,50+2,50+2,49+2,46+2,46+2,46+2,49+2,14+2
260522,/player/260522/ahmad-taleb/240002,24.0,2.0,2023-09-22,A. Taleb,Ahmad Taleb,GK,51,64,120000.0,650.0,20,2002-12-04,188,80,111397.0,Melbourne Victory,351.0,A-League,1.0,SUB,30.0,,2022-07-01,2024.0,195,Australia,,,,Right,2,1,1,Medium/Medium,Normal (185+),No,225000.0,,,,,,,,,13,8,12,26,7,11,12,12,29,18,29,38,24,45,33,36,48,27,56,6,16,8,4,41,11,21.0,7,10,10,52,51,48,51,48,33.0,20+2,20+2,20+2,20,21,21,21,20,23+2,23+2,23+2,22+2,24+2,24+2,24+2,22+2,19+2,21+2,21+2,21+2,19+2,19+2,19+2,19+2,19+2,19+2,50+2
